[{"pk": 1, "model": "contenttypes.contenttype", "fields": {"model": "permission", "name": "permission", "app_label": "auth"}}, {"pk": 2, "model": "contenttypes.contenttype", "fields": {"model": "group", "name": "group", "app_label": "auth"}}, {"pk": 3, "model": "contenttypes.contenttype", "fields": {"model": "user", "name": "user", "app_label": "auth"}}, {"pk": 4, "model": "contenttypes.contenttype", "fields": {"model": "contenttype", "name": "content type", "app_label": "contenttypes"}}, {"pk": 5, "model": "contenttypes.contenttype", "fields": {"model": "session", "name": "session", "app_label": "sessions"}}, {"pk": 6, "model": "contenttypes.contenttype", "fields": {"model": "site", "name": "site", "app_label": "sites"}}, {"pk": 7, "model": "contenttypes.contenttype", "fields": {"model": "logentry", "name": "log entry", "app_label": "admin"}}, {"pk": 8, "model": "contenttypes.contenttype", "fields": {"model": "author", "name": "author", "app_label": "citation_manager"}}, {"pk": 9, "model": "contenttypes.contenttype", "fields": {"model": "publication", "name": "publication", "app_label": "citation_manager"}}, {"pk": 10, "model": "contenttypes.contenttype", "fields": {"model": "pubauthor", "name": "pub author", "app_label": "citation_manager"}}, {"pk": 11, "model": "contenttypes.contenttype", "fields": {"model": "groupinfo", "name": "group info", "app_label": "citation_manager"}}, {"pk": "7x4rxm6or4vy1vs55oaq89f9bfw08275", "model": "sessions.session", "fields": {"expire_date": "2013-03-26T21:45:52.015Z", "session_data": "ZWNjYjc0NTg0YmI1YWViYmZhY2YxZWU5Y2M2YWRiOThjYzUzOTkzMTqAAn1xAShVEl9hdXRoX3VzZXJfYmFja2VuZHECVSlkamFuZ28uY29udHJpYi5hdXRoLmJhY2tlbmRzLk1vZGVsQmFja2VuZHEDVQ1fYXV0aF91c2VyX2lkcQRLAXUu"}}, {"pk": "qx6cqn7k7wu61ebbpjxenydljfn8negy", "model": "sessions.session", "fields": {"expire_date": "2013-03-26T18:45:08.585Z", "session_data": "ZWNjYjc0NTg0YmI1YWViYmZhY2YxZWU5Y2M2YWRiOThjYzUzOTkzMTqAAn1xAShVEl9hdXRoX3VzZXJfYmFja2VuZHECVSlkamFuZ28uY29udHJpYi5hdXRoLmJhY2tlbmRzLk1vZGVsQmFja2VuZHEDVQ1fYXV0aF91c2VyX2lkcQRLAXUu"}}, {"pk": 1, "model": "sites.site", "fields": {"domain": "example.com", "name": "example.com"}}, {"pk": 1, "model": "citation_manager.pubauthor", "fields": {"publication": 1, "author_num": 0, "author": 1}}, {"pk": 2, "model": "citation_manager.pubauthor", "fields": {"publication": 1, "author_num": 1, "author": 2}}, {"pk": 3, "model": "citation_manager.pubauthor", "fields": {"publication": 1, "author_num": 2, "author": 3}}, {"pk": 4, "model": "citation_manager.pubauthor", "fields": {"publication": 2, "author_num": 0, "author": 4}}, {"pk": 5, "model": "citation_manager.pubauthor", "fields": {"publication": 2, "author_num": 1, "author": 3}}, {"pk": 6, "model": "citation_manager.pubauthor", "fields": {"publication": 3, "author_num": 0, "author": 5}}, {"pk": 7, "model": "citation_manager.pubauthor", "fields": {"publication": 3, "author_num": 1, "author": 6}}, {"pk": 8, "model": "citation_manager.pubauthor", "fields": {"publication": 3, "author_num": 2, "author": 7}}, {"pk": 9, "model": "citation_manager.pubauthor", "fields": {"publication": 3, "author_num": 3, "author": 3}}, {"pk": 10, "model": "citation_manager.pubauthor", "fields": {"publication": 4, "author_num": 0, "author": 8}}, {"pk": 11, "model": "citation_manager.pubauthor", "fields": {"publication": 4, "author_num": 1, "author": 9}}, {"pk": 12, "model": "citation_manager.pubauthor", "fields": {"publication": 4, "author_num": 2, "author": 10}}, {"pk": 13, "model": "citation_manager.pubauthor", "fields": {"publication": 4, "author_num": 3, "author": 11}}, {"pk": 14, "model": "citation_manager.pubauthor", "fields": {"publication": 4, "author_num": 4, "author": 12}}, {"pk": 15, "model": "citation_manager.pubauthor", "fields": {"publication": 4, "author_num": 5, "author": 13}}, {"pk": 16, "model": "citation_manager.pubauthor", "fields": {"publication": 4, "author_num": 6, "author": 14}}, {"pk": 17, "model": "citation_manager.pubauthor", "fields": {"publication": 4, "author_num": 7, "author": 15}}, {"pk": 18, "model": "citation_manager.pubauthor", "fields": {"publication": 4, "author_num": 8, "author": 16}}, {"pk": 19, "model": "citation_manager.pubauthor", "fields": {"publication": 4, "author_num": 9, "author": 17}}, {"pk": 20, "model": "citation_manager.pubauthor", "fields": {"publication": 4, "author_num": 10, "author": 18}}, {"pk": 21, "model": "citation_manager.pubauthor", "fields": {"publication": 4, "author_num": 11, "author": 19}}, {"pk": 22, "model": "citation_manager.pubauthor", "fields": {"publication": 4, "author_num": 12, "author": 20}}, {"pk": 23, "model": "citation_manager.pubauthor", "fields": {"publication": 4, "author_num": 13, "author": 3}}, {"pk": 24, "model": "citation_manager.pubauthor", "fields": {"publication": 4, "author_num": 14, "author": 21}}, {"pk": 25, "model": "citation_manager.pubauthor", "fields": {"publication": 5, "author_num": 0, "author": 16}}, {"pk": 26, "model": "citation_manager.pubauthor", "fields": {"publication": 5, "author_num": 1, "author": 3}}, {"pk": 27, "model": "citation_manager.pubauthor", "fields": {"publication": 6, "author_num": 0, "author": 4}}, {"pk": 28, "model": "citation_manager.pubauthor", "fields": {"publication": 6, "author_num": 1, "author": 22}}, {"pk": 29, "model": "citation_manager.pubauthor", "fields": {"publication": 6, "author_num": 2, "author": 3}}, {"pk": 30, "model": "citation_manager.pubauthor", "fields": {"publication": 6, "author_num": 3, "author": 23}}, {"pk": 31, "model": "citation_manager.pubauthor", "fields": {"publication": 7, "author_num": 0, "author": 24}}, {"pk": 32, "model": "citation_manager.pubauthor", "fields": {"publication": 7, "author_num": 1, "author": 3}}, {"pk": 33, "model": "citation_manager.pubauthor", "fields": {"publication": 8, "author_num": 0, "author": 6}}, {"pk": 34, "model": "citation_manager.pubauthor", "fields": {"publication": 8, "author_num": 1, "author": 25}}, {"pk": 35, "model": "citation_manager.pubauthor", "fields": {"publication": 8, "author_num": 2, "author": 26}}, {"pk": 36, "model": "citation_manager.pubauthor", "fields": {"publication": 8, "author_num": 3, "author": 27}}, {"pk": 37, "model": "citation_manager.pubauthor", "fields": {"publication": 8, "author_num": 4, "author": 7}}, {"pk": 38, "model": "citation_manager.pubauthor", "fields": {"publication": 8, "author_num": 5, "author": 3}}, {"pk": 39, "model": "citation_manager.pubauthor", "fields": {"publication": 9, "author_num": 0, "author": 28}}, {"pk": 40, "model": "citation_manager.pubauthor", "fields": {"publication": 9, "author_num": 1, "author": 20}}, {"pk": 41, "model": "citation_manager.pubauthor", "fields": {"publication": 9, "author_num": 2, "author": 3}}, {"pk": 42, "model": "citation_manager.pubauthor", "fields": {"publication": 10, "author_num": 0, "author": 29}}, {"pk": 43, "model": "citation_manager.pubauthor", "fields": {"publication": 10, "author_num": 1, "author": 30}}, {"pk": 44, "model": "citation_manager.pubauthor", "fields": {"publication": 10, "author_num": 2, "author": 31}}, {"pk": 45, "model": "citation_manager.pubauthor", "fields": {"publication": 10, "author_num": 3, "author": 3}}, {"pk": 46, "model": "citation_manager.pubauthor", "fields": {"publication": 11, "author_num": 0, "author": 16}}, {"pk": 47, "model": "citation_manager.pubauthor", "fields": {"publication": 11, "author_num": 1, "author": 3}}, {"pk": 48, "model": "citation_manager.pubauthor", "fields": {"publication": 12, "author_num": 0, "author": 32}}, {"pk": 49, "model": "citation_manager.pubauthor", "fields": {"publication": 12, "author_num": 1, "author": 3}}, {"pk": 50, "model": "citation_manager.pubauthor", "fields": {"publication": 13, "author_num": 0, "author": 16}}, {"pk": 51, "model": "citation_manager.pubauthor", "fields": {"publication": 13, "author_num": 1, "author": 3}}, {"pk": 52, "model": "citation_manager.pubauthor", "fields": {"publication": 14, "author_num": 0, "author": 16}}, {"pk": 53, "model": "citation_manager.pubauthor", "fields": {"publication": 14, "author_num": 1, "author": 33}}, {"pk": 54, "model": "citation_manager.pubauthor", "fields": {"publication": 14, "author_num": 2, "author": 34}}, {"pk": 55, "model": "citation_manager.pubauthor", "fields": {"publication": 14, "author_num": 3, "author": 35}}, {"pk": 56, "model": "citation_manager.pubauthor", "fields": {"publication": 14, "author_num": 4, "author": 36}}, {"pk": 57, "model": "citation_manager.pubauthor", "fields": {"publication": 14, "author_num": 5, "author": 3}}, {"pk": 58, "model": "citation_manager.pubauthor", "fields": {"publication": 15, "author_num": 0, "author": 37}}, {"pk": 59, "model": "citation_manager.pubauthor", "fields": {"publication": 15, "author_num": 1, "author": 5}}, {"pk": 60, "model": "citation_manager.pubauthor", "fields": {"publication": 15, "author_num": 2, "author": 38}}, {"pk": 61, "model": "citation_manager.pubauthor", "fields": {"publication": 15, "author_num": 3, "author": 39}}, {"pk": 62, "model": "citation_manager.pubauthor", "fields": {"publication": 15, "author_num": 4, "author": 40}}, {"pk": 63, "model": "citation_manager.pubauthor", "fields": {"publication": 15, "author_num": 5, "author": 41}}, {"pk": 64, "model": "citation_manager.pubauthor", "fields": {"publication": 15, "author_num": 6, "author": 3}}, {"pk": 65, "model": "citation_manager.pubauthor", "fields": {"publication": 16, "author_num": 0, "author": 32}}, {"pk": 66, "model": "citation_manager.pubauthor", "fields": {"publication": 16, "author_num": 1, "author": 3}}, {"pk": 67, "model": "citation_manager.pubauthor", "fields": {"publication": 17, "author_num": 0, "author": 32}}, {"pk": 68, "model": "citation_manager.pubauthor", "fields": {"publication": 17, "author_num": 1, "author": 42}}, {"pk": 69, "model": "citation_manager.pubauthor", "fields": {"publication": 17, "author_num": 2, "author": 43}}, {"pk": 70, "model": "citation_manager.pubauthor", "fields": {"publication": 17, "author_num": 3, "author": 3}}, {"pk": 71, "model": "citation_manager.pubauthor", "fields": {"publication": 18, "author_num": 0, "author": 3}}, {"pk": 72, "model": "citation_manager.pubauthor", "fields": {"publication": 19, "author_num": 0, "author": 3}}, {"pk": 73, "model": "citation_manager.pubauthor", "fields": {"publication": 19, "author_num": 1, "author": 42}}, {"pk": 74, "model": "citation_manager.pubauthor", "fields": {"publication": 19, "author_num": 2, "author": 21}}, {"pk": 75, "model": "citation_manager.pubauthor", "fields": {"publication": 20, "author_num": 0, "author": 5}}, {"pk": 76, "model": "citation_manager.pubauthor", "fields": {"publication": 20, "author_num": 1, "author": 6}}, {"pk": 77, "model": "citation_manager.pubauthor", "fields": {"publication": 20, "author_num": 2, "author": 44}}, {"pk": 78, "model": "citation_manager.pubauthor", "fields": {"publication": 20, "author_num": 3, "author": 45}}, {"pk": 79, "model": "citation_manager.pubauthor", "fields": {"publication": 20, "author_num": 4, "author": 46}}, {"pk": 80, "model": "citation_manager.pubauthor", "fields": {"publication": 20, "author_num": 5, "author": 7}}, {"pk": 81, "model": "citation_manager.pubauthor", "fields": {"publication": 20, "author_num": 6, "author": 3}}, {"pk": 82, "model": "citation_manager.pubauthor", "fields": {"publication": 21, "author_num": 0, "author": 47}}, {"pk": 83, "model": "citation_manager.pubauthor", "fields": {"publication": 21, "author_num": 1, "author": 48}}, {"pk": 84, "model": "citation_manager.pubauthor", "fields": {"publication": 21, "author_num": 2, "author": 49}}, {"pk": 85, "model": "citation_manager.pubauthor", "fields": {"publication": 21, "author_num": 3, "author": 3}}, {"pk": 86, "model": "citation_manager.pubauthor", "fields": {"publication": 21, "author_num": 4, "author": 50}}, {"pk": 87, "model": "citation_manager.pubauthor", "fields": {"publication": 22, "author_num": 0, "author": 6}}, {"pk": 88, "model": "citation_manager.pubauthor", "fields": {"publication": 22, "author_num": 1, "author": 5}}, {"pk": 89, "model": "citation_manager.pubauthor", "fields": {"publication": 22, "author_num": 2, "author": 7}}, {"pk": 90, "model": "citation_manager.pubauthor", "fields": {"publication": 22, "author_num": 3, "author": 3}}, {"pk": 91, "model": "citation_manager.pubauthor", "fields": {"publication": 23, "author_num": 0, "author": 4}}, {"pk": 92, "model": "citation_manager.pubauthor", "fields": {"publication": 23, "author_num": 1, "author": 3}}, {"pk": 93, "model": "citation_manager.pubauthor", "fields": {"publication": 24, "author_num": 0, "author": 5}}, {"pk": 94, "model": "citation_manager.pubauthor", "fields": {"publication": 24, "author_num": 1, "author": 6}}, {"pk": 95, "model": "citation_manager.pubauthor", "fields": {"publication": 24, "author_num": 2, "author": 7}}, {"pk": 96, "model": "citation_manager.pubauthor", "fields": {"publication": 24, "author_num": 3, "author": 3}}, {"pk": 97, "model": "citation_manager.pubauthor", "fields": {"publication": 25, "author_num": 0, "author": 5}}, {"pk": 98, "model": "citation_manager.pubauthor", "fields": {"publication": 25, "author_num": 1, "author": 6}}, {"pk": 99, "model": "citation_manager.pubauthor", "fields": {"publication": 25, "author_num": 2, "author": 7}}, {"pk": 100, "model": "citation_manager.pubauthor", "fields": {"publication": 25, "author_num": 3, "author": 3}}, {"pk": 101, "model": "citation_manager.pubauthor", "fields": {"publication": 26, "author_num": 0, "author": 6}}, {"pk": 102, "model": "citation_manager.pubauthor", "fields": {"publication": 26, "author_num": 1, "author": 5}}, {"pk": 103, "model": "citation_manager.pubauthor", "fields": {"publication": 26, "author_num": 2, "author": 7}}, {"pk": 104, "model": "citation_manager.pubauthor", "fields": {"publication": 26, "author_num": 3, "author": 3}}, {"pk": 105, "model": "citation_manager.pubauthor", "fields": {"publication": 27, "author_num": 0, "author": 3}}, {"pk": 106, "model": "citation_manager.pubauthor", "fields": {"publication": 27, "author_num": 1, "author": 51}}, {"pk": 107, "model": "citation_manager.pubauthor", "fields": {"publication": 28, "author_num": 0, "author": 5}}, {"pk": 108, "model": "citation_manager.pubauthor", "fields": {"publication": 28, "author_num": 1, "author": 6}}, {"pk": 109, "model": "citation_manager.pubauthor", "fields": {"publication": 28, "author_num": 2, "author": 3}}, {"pk": 110, "model": "citation_manager.pubauthor", "fields": {"publication": 28, "author_num": 3, "author": 7}}, {"pk": 111, "model": "citation_manager.pubauthor", "fields": {"publication": 29, "author_num": 0, "author": 52}}, {"pk": 112, "model": "citation_manager.pubauthor", "fields": {"publication": 29, "author_num": 1, "author": 3}}, {"pk": 113, "model": "citation_manager.pubauthor", "fields": {"publication": 30, "author_num": 0, "author": 3}}, {"pk": 114, "model": "citation_manager.pubauthor", "fields": {"publication": 30, "author_num": 1, "author": 53}}, {"pk": 115, "model": "citation_manager.pubauthor", "fields": {"publication": 30, "author_num": 2, "author": 51}}, {"pk": 116, "model": "citation_manager.pubauthor", "fields": {"publication": 31, "author_num": 0, "author": 37}}, {"pk": 117, "model": "citation_manager.pubauthor", "fields": {"publication": 31, "author_num": 1, "author": 54}}, {"pk": 118, "model": "citation_manager.pubauthor", "fields": {"publication": 31, "author_num": 2, "author": 39}}, {"pk": 119, "model": "citation_manager.pubauthor", "fields": {"publication": 31, "author_num": 3, "author": 3}}, {"pk": 120, "model": "citation_manager.pubauthor", "fields": {"publication": 32, "author_num": 0, "author": 4}}, {"pk": 121, "model": "citation_manager.pubauthor", "fields": {"publication": 32, "author_num": 1, "author": 3}}, {"pk": 122, "model": "citation_manager.pubauthor", "fields": {"publication": 33, "author_num": 0, "author": 55}}, {"pk": 123, "model": "citation_manager.pubauthor", "fields": {"publication": 33, "author_num": 1, "author": 4}}, {"pk": 124, "model": "citation_manager.pubauthor", "fields": {"publication": 33, "author_num": 2, "author": 3}}, {"pk": 125, "model": "citation_manager.pubauthor", "fields": {"publication": 34, "author_num": 0, "author": 56}}, {"pk": 126, "model": "citation_manager.pubauthor", "fields": {"publication": 34, "author_num": 1, "author": 57}}, {"pk": 127, "model": "citation_manager.pubauthor", "fields": {"publication": 34, "author_num": 2, "author": 58}}, {"pk": 128, "model": "citation_manager.pubauthor", "fields": {"publication": 34, "author_num": 3, "author": 3}}, {"pk": 129, "model": "citation_manager.pubauthor", "fields": {"publication": 35, "author_num": 0, "author": 59}}, {"pk": 130, "model": "citation_manager.pubauthor", "fields": {"publication": 35, "author_num": 1, "author": 60}}, {"pk": 131, "model": "citation_manager.pubauthor", "fields": {"publication": 35, "author_num": 2, "author": 3}}, {"pk": 132, "model": "citation_manager.pubauthor", "fields": {"publication": 36, "author_num": 0, "author": 51}}, {"pk": 133, "model": "citation_manager.pubauthor", "fields": {"publication": 36, "author_num": 1, "author": 3}}, {"pk": 134, "model": "citation_manager.pubauthor", "fields": {"publication": 37, "author_num": 0, "author": 3}}, {"pk": 135, "model": "citation_manager.pubauthor", "fields": {"publication": 37, "author_num": 1, "author": 61}}, {"pk": 136, "model": "citation_manager.pubauthor", "fields": {"publication": 37, "author_num": 2, "author": 36}}, {"pk": 137, "model": "citation_manager.pubauthor", "fields": {"publication": 37, "author_num": 3, "author": 62}}, {"pk": 138, "model": "citation_manager.pubauthor", "fields": {"publication": 37, "author_num": 4, "author": 63}}, {"pk": 139, "model": "citation_manager.pubauthor", "fields": {"publication": 37, "author_num": 5, "author": 64}}, {"pk": 140, "model": "citation_manager.pubauthor", "fields": {"publication": 37, "author_num": 6, "author": 65}}, {"pk": 141, "model": "citation_manager.pubauthor", "fields": {"publication": 37, "author_num": 7, "author": 66}}, {"pk": 142, "model": "citation_manager.pubauthor", "fields": {"publication": 38, "author_num": 0, "author": 3}}, {"pk": 143, "model": "citation_manager.pubauthor", "fields": {"publication": 38, "author_num": 1, "author": 51}}, {"pk": 144, "model": "citation_manager.pubauthor", "fields": {"publication": 39, "author_num": 0, "author": 51}}, {"pk": 145, "model": "citation_manager.pubauthor", "fields": {"publication": 39, "author_num": 1, "author": 3}}, {"pk": 146, "model": "citation_manager.pubauthor", "fields": {"publication": 40, "author_num": 0, "author": 51}}, {"pk": 147, "model": "citation_manager.pubauthor", "fields": {"publication": 40, "author_num": 1, "author": 67}}, {"pk": 148, "model": "citation_manager.pubauthor", "fields": {"publication": 40, "author_num": 2, "author": 3}}, {"pk": 149, "model": "citation_manager.pubauthor", "fields": {"publication": 41, "author_num": 0, "author": 3}}, {"pk": 150, "model": "citation_manager.pubauthor", "fields": {"publication": 41, "author_num": 1, "author": 51}}, {"pk": 151, "model": "citation_manager.pubauthor", "fields": {"publication": 42, "author_num": 0, "author": 68}}, {"pk": 152, "model": "citation_manager.pubauthor", "fields": {"publication": 42, "author_num": 1, "author": 37}}, {"pk": 153, "model": "citation_manager.pubauthor", "fields": {"publication": 42, "author_num": 2, "author": 3}}, {"pk": 154, "model": "citation_manager.pubauthor", "fields": {"publication": 42, "author_num": 3, "author": 24}}, {"pk": 155, "model": "citation_manager.pubauthor", "fields": {"publication": 43, "author_num": 0, "author": 36}}, {"pk": 156, "model": "citation_manager.pubauthor", "fields": {"publication": 43, "author_num": 1, "author": 3}}, {"pk": 157, "model": "citation_manager.pubauthor", "fields": {"publication": 43, "author_num": 2, "author": 64}}, {"pk": 158, "model": "citation_manager.pubauthor", "fields": {"publication": 43, "author_num": 3, "author": 63}}, {"pk": 159, "model": "citation_manager.pubauthor", "fields": {"publication": 43, "author_num": 4, "author": 69}}, {"pk": 160, "model": "citation_manager.pubauthor", "fields": {"publication": 43, "author_num": 5, "author": 70}}, {"pk": 161, "model": "citation_manager.pubauthor", "fields": {"publication": 43, "author_num": 6, "author": 65}}, {"pk": 162, "model": "citation_manager.pubauthor", "fields": {"publication": 43, "author_num": 7, "author": 71}}, {"pk": 163, "model": "citation_manager.pubauthor", "fields": {"publication": 43, "author_num": 8, "author": 62}}, {"pk": 164, "model": "citation_manager.pubauthor", "fields": {"publication": 43, "author_num": 9, "author": 72}}, {"pk": 165, "model": "citation_manager.pubauthor", "fields": {"publication": 43, "author_num": 10, "author": 73}}, {"pk": 166, "model": "citation_manager.pubauthor", "fields": {"publication": 44, "author_num": 0, "author": 3}}, {"pk": 167, "model": "citation_manager.pubauthor", "fields": {"publication": 45, "author_num": 0, "author": 51}}, {"pk": 168, "model": "citation_manager.pubauthor", "fields": {"publication": 45, "author_num": 1, "author": 3}}, {"pk": 169, "model": "citation_manager.pubauthor", "fields": {"publication": 46, "author_num": 0, "author": 51}}, {"pk": 170, "model": "citation_manager.pubauthor", "fields": {"publication": 46, "author_num": 1, "author": 3}}, {"pk": 171, "model": "citation_manager.pubauthor", "fields": {"publication": 47, "author_num": 0, "author": 74}}, {"pk": 172, "model": "citation_manager.pubauthor", "fields": {"publication": 47, "author_num": 1, "author": 3}}, {"pk": 173, "model": "citation_manager.pubauthor", "fields": {"publication": 48, "author_num": 0, "author": 75}}, {"pk": 174, "model": "citation_manager.pubauthor", "fields": {"publication": 48, "author_num": 1, "author": 3}}, {"pk": 175, "model": "citation_manager.pubauthor", "fields": {"publication": 49, "author_num": 0, "author": 76}}, {"pk": 176, "model": "citation_manager.pubauthor", "fields": {"publication": 49, "author_num": 1, "author": 3}}, {"pk": 177, "model": "citation_manager.pubauthor", "fields": {"publication": 49, "author_num": 2, "author": 77}}, {"pk": 178, "model": "citation_manager.pubauthor", "fields": {"publication": 49, "author_num": 3, "author": 58}}, {"pk": 179, "model": "citation_manager.pubauthor", "fields": {"publication": 49, "author_num": 4, "author": 56}}, {"pk": 180, "model": "citation_manager.pubauthor", "fields": {"publication": 49, "author_num": 5, "author": 57}}, {"pk": 181, "model": "citation_manager.pubauthor", "fields": {"publication": 50, "author_num": 0, "author": 3}}, {"pk": 182, "model": "citation_manager.pubauthor", "fields": {"publication": 51, "author_num": 0, "author": 3}}, {"pk": 183, "model": "citation_manager.pubauthor", "fields": {"publication": 51, "author_num": 1, "author": 51}}, {"pk": 184, "model": "citation_manager.pubauthor", "fields": {"publication": 52, "author_num": 0, "author": 3}}, {"pk": 185, "model": "citation_manager.pubauthor", "fields": {"publication": 52, "author_num": 1, "author": 78}}, {"pk": 186, "model": "citation_manager.pubauthor", "fields": {"publication": 52, "author_num": 2, "author": 66}}, {"pk": 187, "model": "citation_manager.pubauthor", "fields": {"publication": 53, "author_num": 0, "author": 3}}, {"pk": 188, "model": "citation_manager.pubauthor", "fields": {"publication": 53, "author_num": 1, "author": 37}}, {"pk": 189, "model": "citation_manager.pubauthor", "fields": {"publication": 53, "author_num": 2, "author": 74}}, {"pk": 190, "model": "citation_manager.pubauthor", "fields": {"publication": 53, "author_num": 3, "author": 79}}, {"pk": 191, "model": "citation_manager.pubauthor", "fields": {"publication": 53, "author_num": 4, "author": 80}}, {"pk": 192, "model": "citation_manager.pubauthor", "fields": {"publication": 54, "author_num": 0, "author": 68}}, {"pk": 193, "model": "citation_manager.pubauthor", "fields": {"publication": 54, "author_num": 1, "author": 37}}, {"pk": 194, "model": "citation_manager.pubauthor", "fields": {"publication": 54, "author_num": 2, "author": 3}}, {"pk": 195, "model": "citation_manager.pubauthor", "fields": {"publication": 54, "author_num": 3, "author": 24}}, {"pk": 196, "model": "citation_manager.pubauthor", "fields": {"publication": 55, "author_num": 0, "author": 68}}, {"pk": 197, "model": "citation_manager.pubauthor", "fields": {"publication": 55, "author_num": 1, "author": 37}}, {"pk": 198, "model": "citation_manager.pubauthor", "fields": {"publication": 55, "author_num": 2, "author": 81}}, {"pk": 199, "model": "citation_manager.pubauthor", "fields": {"publication": 55, "author_num": 3, "author": 82}}, {"pk": 200, "model": "citation_manager.pubauthor", "fields": {"publication": 55, "author_num": 4, "author": 3}}, {"pk": 201, "model": "citation_manager.pubauthor", "fields": {"publication": 56, "author_num": 0, "author": 3}}, {"pk": 202, "model": "citation_manager.pubauthor", "fields": {"publication": 56, "author_num": 1, "author": 83}}, {"pk": 203, "model": "citation_manager.pubauthor", "fields": {"publication": 56, "author_num": 2, "author": 65}}, {"pk": 204, "model": "citation_manager.pubauthor", "fields": {"publication": 57, "author_num": 0, "author": 84}}, {"pk": 205, "model": "citation_manager.pubauthor", "fields": {"publication": 57, "author_num": 1, "author": 3}}, {"pk": 206, "model": "citation_manager.pubauthor", "fields": {"publication": 58, "author_num": 0, "author": 85}}, {"pk": 207, "model": "citation_manager.pubauthor", "fields": {"publication": 58, "author_num": 1, "author": 3}}, {"pk": 208, "model": "citation_manager.pubauthor", "fields": {"publication": 58, "author_num": 2, "author": 86}}, {"pk": 209, "model": "citation_manager.pubauthor", "fields": {"publication": 59, "author_num": 0, "author": 3}}, {"pk": 210, "model": "citation_manager.pubauthor", "fields": {"publication": 59, "author_num": 1, "author": 87}}, {"pk": 211, "model": "citation_manager.pubauthor", "fields": {"publication": 60, "author_num": 0, "author": 3}}, {"pk": 212, "model": "citation_manager.pubauthor", "fields": {"publication": 60, "author_num": 1, "author": 87}}, {"pk": 213, "model": "citation_manager.pubauthor", "fields": {"publication": 61, "author_num": 0, "author": 3}}, {"pk": 214, "model": "citation_manager.pubauthor", "fields": {"publication": 61, "author_num": 1, "author": 87}}, {"pk": 215, "model": "citation_manager.pubauthor", "fields": {"publication": 62, "author_num": 0, "author": 88}}, {"pk": 216, "model": "citation_manager.pubauthor", "fields": {"publication": 62, "author_num": 1, "author": 89}}, {"pk": 217, "model": "citation_manager.pubauthor", "fields": {"publication": 62, "author_num": 2, "author": 90}}, {"pk": 218, "model": "citation_manager.pubauthor", "fields": {"publication": 62, "author_num": 3, "author": 3}}, {"pk": 1, "model": "auth.permission", "fields": {"codename": "add_permission", "name": "Can add permission", "content_type": 1}}, {"pk": 2, "model": "auth.permission", "fields": {"codename": "change_permission", "name": "Can change permission", "content_type": 1}}, {"pk": 3, "model": "auth.permission", "fields": {"codename": "delete_permission", "name": "Can delete permission", "content_type": 1}}, {"pk": 4, "model": "auth.permission", "fields": {"codename": "add_group", "name": "Can add group", "content_type": 2}}, {"pk": 5, "model": "auth.permission", "fields": {"codename": "change_group", "name": "Can change group", "content_type": 2}}, {"pk": 6, "model": "auth.permission", "fields": {"codename": "delete_group", "name": "Can delete group", "content_type": 2}}, {"pk": 7, "model": "auth.permission", "fields": {"codename": "add_user", "name": "Can add user", "content_type": 3}}, {"pk": 8, "model": "auth.permission", "fields": {"codename": "change_user", "name": "Can change user", "content_type": 3}}, {"pk": 9, "model": "auth.permission", "fields": {"codename": "delete_user", "name": "Can delete user", "content_type": 3}}, {"pk": 10, "model": "auth.permission", "fields": {"codename": "add_contenttype", "name": "Can add content type", "content_type": 4}}, {"pk": 11, "model": "auth.permission", "fields": {"codename": "change_contenttype", "name": "Can change content type", "content_type": 4}}, {"pk": 12, "model": "auth.permission", "fields": {"codename": "delete_contenttype", "name": "Can delete content type", "content_type": 4}}, {"pk": 13, "model": "auth.permission", "fields": {"codename": "add_session", "name": "Can add session", "content_type": 5}}, {"pk": 14, "model": "auth.permission", "fields": {"codename": "change_session", "name": "Can change session", "content_type": 5}}, {"pk": 15, "model": "auth.permission", "fields": {"codename": "delete_session", "name": "Can delete session", "content_type": 5}}, {"pk": 16, "model": "auth.permission", "fields": {"codename": "add_site", "name": "Can add site", "content_type": 6}}, {"pk": 17, "model": "auth.permission", "fields": {"codename": "change_site", "name": "Can change site", "content_type": 6}}, {"pk": 18, "model": "auth.permission", "fields": {"codename": "delete_site", "name": "Can delete site", "content_type": 6}}, {"pk": 19, "model": "auth.permission", "fields": {"codename": "add_logentry", "name": "Can add log entry", "content_type": 7}}, {"pk": 20, "model": "auth.permission", "fields": {"codename": "change_logentry", "name": "Can change log entry", "content_type": 7}}, {"pk": 21, "model": "auth.permission", "fields": {"codename": "delete_logentry", "name": "Can delete log entry", "content_type": 7}}, {"pk": 22, "model": "auth.permission", "fields": {"codename": "add_author", "name": "Can add author", "content_type": 8}}, {"pk": 23, "model": "auth.permission", "fields": {"codename": "change_author", "name": "Can change author", "content_type": 8}}, {"pk": 24, "model": "auth.permission", "fields": {"codename": "delete_author", "name": "Can delete author", "content_type": 8}}, {"pk": 25, "model": "auth.permission", "fields": {"codename": "add_publication", "name": "Can add publication", "content_type": 9}}, {"pk": 26, "model": "auth.permission", "fields": {"codename": "change_publication", "name": "Can change publication", "content_type": 9}}, {"pk": 27, "model": "auth.permission", "fields": {"codename": "delete_publication", "name": "Can delete publication", "content_type": 9}}, {"pk": 28, "model": "auth.permission", "fields": {"codename": "add_pubauthor", "name": "Can add pub author", "content_type": 10}}, {"pk": 29, "model": "auth.permission", "fields": {"codename": "change_pubauthor", "name": "Can change pub author", "content_type": 10}}, {"pk": 30, "model": "auth.permission", "fields": {"codename": "delete_pubauthor", "name": "Can delete pub author", "content_type": 10}}, {"pk": 31, "model": "auth.permission", "fields": {"codename": "add_groupinfo", "name": "Can add group info", "content_type": 11}}, {"pk": 32, "model": "auth.permission", "fields": {"codename": "change_groupinfo", "name": "Can change group info", "content_type": 11}}, {"pk": 33, "model": "auth.permission", "fields": {"codename": "delete_groupinfo", "name": "Can delete group info", "content_type": 11}}, {"pk": 1, "model": "auth.group", "fields": {"name": "Robots for Humanity", "permissions": []}}, {"pk": 2, "model": "auth.group", "fields": {"name": "Robot Photographer", "permissions": []}}, {"pk": 3, "model": "auth.group", "fields": {"name": "Personal Robotics Lab", "permissions": []}}, {"pk": 4, "model": "auth.group", "fields": {"name": "Robotics & Human Control Systems Lab", "permissions": []}}, {"pk": 5, "model": "auth.group", "fields": {"name": "Robots & Theater", "permissions": []}}, {"pk": 1, "model": "auth.user", "fields": {"username": "lazewatd", "first_name": "Dan", "last_name": "Lazewatsky", "is_active": true, "is_superuser": true, "is_staff": true, "last_login": "2013-03-12T21:45:52Z", "groups": [1, 3], "user_permissions": [], "password": "pbkdf2_sha256$10000$mzjvhXpODJs1$QR2pqq76fIOVRNfFV2/M2h2r21JzxUw9vxWAmmIszAk=", "email": "lazewatd@engr.orst.edu", "date_joined": "2013-03-12T18:44:59Z"}}, {"pk": 2, "model": "auth.user", "fields": {"username": "wds", "first_name": "Bill", "last_name": "Smart", "is_active": true, "is_superuser": false, "is_staff": false, "last_login": "2013-03-12T18:46:56Z", "groups": [1, 2, 3, 5], "user_permissions": [], "password": "pbkdf2_sha256$10000$CJGf1ujKuuOr$WaOHe0+dS4PwQ0mxUCVf5+QG29gEXlvJbKlHDcYzGuM=", "email": "", "date_joined": "2013-03-12T18:46:56Z"}}, {"pk": 1, "model": "admin.logentry", "fields": {"action_flag": 1, "action_time": "2013-03-12T18:46:16.136Z", "object_repr": "Robots for Humanity", "object_id": "1", "change_message": "", "user": 1, "content_type": 2}}, {"pk": 2, "model": "admin.logentry", "fields": {"action_flag": 2, "action_time": "2013-03-12T18:46:22.130Z", "object_repr": "lazewatd", "object_id": "1", "change_message": "Changed password, first_name, last_name, email and groups.", "user": 1, "content_type": 3}}, {"pk": 3, "model": "admin.logentry", "fields": {"action_flag": 1, "action_time": "2013-03-12T18:46:56.490Z", "object_repr": "wds", "object_id": "2", "change_message": "", "user": 1, "content_type": 3}}, {"pk": 4, "model": "admin.logentry", "fields": {"action_flag": 2, "action_time": "2013-03-12T18:47:03.327Z", "object_repr": "wds", "object_id": "2", "change_message": "Changed password, first_name and last_name.", "user": 1, "content_type": 3}}, {"pk": 5, "model": "admin.logentry", "fields": {"action_flag": 2, "action_time": "2013-03-12T18:47:10.787Z", "object_repr": "wds", "object_id": "2", "change_message": "Changed password and groups.", "user": 1, "content_type": 3}}, {"pk": 6, "model": "admin.logentry", "fields": {"action_flag": 2, "action_time": "2013-03-12T18:47:28.148Z", "object_repr": "Bill Smart", "object_id": "78", "change_message": "Changed user_id.", "user": 1, "content_type": 8}}, {"pk": 7, "model": "admin.logentry", "fields": {"action_flag": 2, "action_time": "2013-03-12T18:47:39.949Z", "object_repr": "William D. Smart", "object_id": "3", "change_message": "Changed user_id.", "user": 1, "content_type": 8}}, {"pk": 8, "model": "admin.logentry", "fields": {"action_flag": 2, "action_time": "2013-03-12T18:49:34.874Z", "object_repr": "Daniel A. Lazewatsky", "object_id": "16", "change_message": "Changed user_id.", "user": 1, "content_type": 8}}, {"pk": 9, "model": "admin.logentry", "fields": {"action_flag": 2, "action_time": "2013-03-12T18:51:30.939Z", "object_repr": "Context-sensitive in-the-world interfaces for mobile manipulation robots.", "object_id": "5", "change_message": "Changed groups.", "user": 1, "content_type": 9}}, {"pk": 10, "model": "admin.logentry", "fields": {"action_flag": 2, "action_time": "2013-03-12T18:52:24.943Z", "object_repr": "Robots for humanity: User-centered design for assistive mobile manipulation.", "object_id": "4", "change_message": "Changed groups.", "user": 1, "content_type": 9}}, {"pk": 11, "model": "admin.logentry", "fields": {"action_flag": 1, "action_time": "2013-03-12T18:53:41.016Z", "object_repr": "Robot Photographer", "object_id": "2", "change_message": "", "user": 1, "content_type": 2}}, {"pk": 12, "model": "admin.logentry", "fields": {"action_flag": 2, "action_time": "2013-03-12T18:54:11.641Z", "object_repr": "Say Cheese!: Experiences with a Robot Photographer.", "object_id": "54", "change_message": "Changed groups.", "user": 1, "content_type": 9}}, {"pk": 13, "model": "admin.logentry", "fields": {"action_flag": 2, "action_time": "2013-03-12T18:54:15.938Z", "object_repr": "Say Cheese! Experiences with a Robot Photographer.", "object_id": "42", "change_message": "Changed groups.", "user": 1, "content_type": 9}}, {"pk": 14, "model": "admin.logentry", "fields": {"action_flag": 2, "action_time": "2013-03-12T18:54:23.964Z", "object_repr": "An autonomous robot photographer.", "object_id": "55", "change_message": "Changed groups.", "user": 1, "content_type": 9}}, {"pk": 15, "model": "admin.logentry", "fields": {"action_flag": 2, "action_time": "2013-03-12T21:46:06.760Z", "object_repr": "Robot Photographer", "object_id": "2", "change_message": "Added group info \"GroupInfo object\".", "user": 1, "content_type": 2}}, {"pk": 16, "model": "admin.logentry", "fields": {"action_flag": 2, "action_time": "2013-03-12T21:46:12.655Z", "object_repr": "Robots for Humanity", "object_id": "1", "change_message": "Added group info \"GroupInfo object\".", "user": 1, "content_type": 2}}, {"pk": 17, "model": "admin.logentry", "fields": {"action_flag": 2, "action_time": "2013-03-12T21:50:53.560Z", "object_repr": "Robot Photographer", "object_id": "2", "change_message": "Changed description for group info \"GroupInfo object\".", "user": 1, "content_type": 2}}, {"pk": 18, "model": "admin.logentry", "fields": {"action_flag": 2, "action_time": "2013-03-12T21:51:01.381Z", "object_repr": "Robot Photographer", "object_id": "2", "change_message": "Changed description for group info \"GroupInfo object\".", "user": 1, "content_type": 2}}, {"pk": 19, "model": "admin.logentry", "fields": {"action_flag": 2, "action_time": "2013-03-12T21:51:05.875Z", "object_repr": "Robots for Humanity", "object_id": "1", "change_message": "Changed description for group info \"GroupInfo object\".", "user": 1, "content_type": 2}}, {"pk": 20, "model": "admin.logentry", "fields": {"action_flag": 2, "action_time": "2013-03-13T15:35:14.822Z", "object_repr": "Robots for humanity: User-centered design for assistive mobile manipulation.", "object_id": "4", "change_message": "Changed abstract.", "user": 1, "content_type": 9}}, {"pk": 21, "model": "admin.logentry", "fields": {"action_flag": 1, "action_time": "2013-03-13T16:01:21.227Z", "object_repr": "Personal Robotics Lab", "object_id": "3", "change_message": "", "user": 1, "content_type": 2}}, {"pk": 22, "model": "admin.logentry", "fields": {"action_flag": 1, "action_time": "2013-03-13T16:01:47.627Z", "object_repr": "Robotics & Human Control Systems Lab", "object_id": "4", "change_message": "", "user": 1, "content_type": 2}}, {"pk": 23, "model": "admin.logentry", "fields": {"action_flag": 2, "action_time": "2013-03-13T16:15:46.906Z", "object_repr": "wds", "object_id": "2", "change_message": "Changed password and groups.", "user": 1, "content_type": 3}}, {"pk": 24, "model": "admin.logentry", "fields": {"action_flag": 2, "action_time": "2013-03-13T16:22:01.683Z", "object_repr": "wds", "object_id": "2", "change_message": "Changed password and groups.", "user": 1, "content_type": 3}}, {"pk": 25, "model": "admin.logentry", "fields": {"action_flag": 2, "action_time": "2013-03-13T17:43:25.039Z", "object_repr": "Context-sensitive in-the-world interfaces for mobile manipulation robots.", "object_id": "5", "change_message": "Changed abstract.", "user": 1, "content_type": 9}}, {"pk": 26, "model": "admin.logentry", "fields": {"action_flag": 2, "action_time": "2013-03-14T18:37:17.138Z", "object_repr": "Robots for humanity: User-centered design for assistive mobile manipulation.", "object_id": "4", "change_message": "Changed groups.", "user": 1, "content_type": 9}}, {"pk": 27, "model": "admin.logentry", "fields": {"action_flag": 2, "action_time": "2013-03-14T18:37:47.156Z", "object_repr": "lazewatd", "object_id": "1", "change_message": "Changed password and groups.", "user": 1, "content_type": 3}}, {"pk": 28, "model": "admin.logentry", "fields": {"action_flag": 2, "action_time": "2013-03-14T18:38:31.275Z", "object_repr": "Context-sensitive in-the-world interfaces for mobile manipulation robots.", "object_id": "5", "change_message": "Changed groups.", "user": 1, "content_type": 9}}, {"pk": 29, "model": "admin.logentry", "fields": {"action_flag": 1, "action_time": "2013-03-14T18:52:30.287Z", "object_repr": "Robots & Theater", "object_id": "5", "change_message": "", "user": 1, "content_type": 2}}, {"pk": 30, "model": "admin.logentry", "fields": {"action_flag": 2, "action_time": "2013-03-14T18:52:36.039Z", "object_repr": "Polonius: a wizard of oz interface for HRI experiments.", "object_id": "12", "change_message": "Changed groups.", "user": 1, "content_type": 9}}, {"pk": 31, "model": "admin.logentry", "fields": {"action_flag": 2, "action_time": "2013-03-14T18:52:49.157Z", "object_repr": "Human-robot interactions as theatre.", "object_id": "16", "change_message": "Changed groups.", "user": 1, "content_type": 9}}, {"pk": 32, "model": "admin.logentry", "fields": {"action_flag": 2, "action_time": "2013-03-14T18:52:57.018Z", "object_repr": "What Can Actors Teach Robots About Interaction?", "object_id": "17", "change_message": "Changed groups.", "user": 1, "content_type": 9}}, {"pk": 33, "model": "admin.logentry", "fields": {"action_flag": 2, "action_time": "2013-03-14T18:53:19.945Z", "object_repr": "wds", "object_id": "2", "change_message": "Changed password and groups.", "user": 1, "content_type": 3}}, {"pk": 1, "model": "citation_manager.author", "fields": {"published_name": "Julian Mason", "google_scholar_id": null, "user_id": null, "dblp_id": "Julian Mason"}}, {"pk": 2, "model": "citation_manager.author", "fields": {"published_name": "Zachary Dodds", "google_scholar_id": null, "user_id": null, "dblp_id": "Zachary Dodds"}}, {"pk": 3, "model": "citation_manager.author", "fields": {"published_name": "William D. Smart", "google_scholar_id": "", "user_id": 2, "dblp_id": "William D. Smart"}}, {"pk": 4, "model": "citation_manager.author", "fields": {"published_name": "Tom Erez", "google_scholar_id": null, "user_id": null, "dblp_id": "Tom Erez"}}, {"pk": 5, "model": "citation_manager.author", "fields": {"published_name": "Robert Glaubius", "google_scholar_id": null, "user_id": null, "dblp_id": "Robert Glaubius"}}, {"pk": 6, "model": "citation_manager.author", "fields": {"published_name": "Terry Tidwell", "google_scholar_id": null, "user_id": null, "dblp_id": "Terry Tidwell"}}, {"pk": 7, "model": "citation_manager.author", "fields": {"published_name": "Christopher D. Gill", "google_scholar_id": null, "user_id": null, "dblp_id": "Christopher D. Gill"}}, {"pk": 8, "model": "citation_manager.author", "fields": {"published_name": "Tiffany L. Chen", "google_scholar_id": null, "user_id": null, "dblp_id": "Tiffany L. Chen"}}, {"pk": 9, "model": "citation_manager.author", "fields": {"published_name": "Matei T. Ciocarlie", "google_scholar_id": null, "user_id": null, "dblp_id": "Matei T. Ciocarlie"}}, {"pk": 10, "model": "citation_manager.author", "fields": {"published_name": "Steve B. Cousins", "google_scholar_id": null, "user_id": null, "dblp_id": "Steve B. Cousins"}}, {"pk": 11, "model": "citation_manager.author", "fields": {"published_name": "Phillip M. Grice", "google_scholar_id": null, "user_id": null, "dblp_id": "Phillip M. Grice"}}, {"pk": 12, "model": "citation_manager.author", "fields": {"published_name": "Kelsey P. Hawkins", "google_scholar_id": null, "user_id": null, "dblp_id": "Kelsey P. Hawkins"}}, {"pk": 13, "model": "citation_manager.author", "fields": {"published_name": "Kaijen Hsiao", "google_scholar_id": null, "user_id": null, "dblp_id": "Kaijen Hsiao"}}, {"pk": 14, "model": "citation_manager.author", "fields": {"published_name": "Charles C. Kemp", "google_scholar_id": null, "user_id": null, "dblp_id": "Charles C. Kemp"}}, {"pk": 15, "model": "citation_manager.author", "fields": {"published_name": "Chih-Hung King", "google_scholar_id": null, "user_id": null, "dblp_id": "Chih-Hung King"}}, {"pk": 16, "model": "citation_manager.author", "fields": {"published_name": "Daniel A. Lazewatsky", "google_scholar_id": "", "user_id": 1, "dblp_id": "Daniel A. Lazewatsky"}}, {"pk": 17, "model": "citation_manager.author", "fields": {"published_name": "Adam Leeper", "google_scholar_id": null, "user_id": null, "dblp_id": "Adam Leeper"}}, {"pk": 18, "model": "citation_manager.author", "fields": {"published_name": "Hai Nguyen", "google_scholar_id": null, "user_id": null, "dblp_id": "Hai Nguyen"}}, {"pk": 19, "model": "citation_manager.author", "fields": {"published_name": "Andreas Paepcke", "google_scholar_id": null, "user_id": null, "dblp_id": "Andreas Paepcke"}}, {"pk": 20, "model": "citation_manager.author", "fields": {"published_name": "Caroline Pantofaru", "google_scholar_id": null, "user_id": null, "dblp_id": "Caroline Pantofaru"}}, {"pk": 21, "model": "citation_manager.author", "fields": {"published_name": "Leila Takayama", "google_scholar_id": null, "user_id": null, "dblp_id": "Leila Takayama"}}, {"pk": 22, "model": "citation_manager.author", "fields": {"published_name": "Julian J. Tramper", "google_scholar_id": null, "user_id": null, "dblp_id": "Julian J. Tramper"}}, {"pk": 23, "model": "citation_manager.author", "fields": {"published_name": "Stan C. A. M. Gielen", "google_scholar_id": null, "user_id": null, "dblp_id": "Stan C. A. M. Gielen"}}, {"pk": 24, "model": "citation_manager.author", "fields": {"published_name": "Cindy Grimm", "google_scholar_id": null, "user_id": null, "dblp_id": "Cindy Grimm"}}, {"pk": 25, "model": "citation_manager.author", "fields": {"published_name": "Carter Bass", "google_scholar_id": null, "user_id": null, "dblp_id": "Carter Bass"}}, {"pk": 26, "model": "citation_manager.author", "fields": {"published_name": "Eli Lasker", "google_scholar_id": null, "user_id": null, "dblp_id": "Eli Lasker"}}, {"pk": 27, "model": "citation_manager.author", "fields": {"published_name": "Micah Wylde", "google_scholar_id": null, "user_id": null, "dblp_id": "Micah Wylde"}}, {"pk": 28, "model": "citation_manager.author", "fields": {"published_name": "Walker Burgin", "google_scholar_id": null, "user_id": null, "dblp_id": "Walker Burgin"}}, {"pk": 29, "model": "citation_manager.author", "fields": {"published_name": "Erik Karulf", "google_scholar_id": null, "user_id": null, "dblp_id": "Erik Karulf"}}, {"pk": 30, "model": "citation_manager.author", "fields": {"published_name": "Marshall Strother", "google_scholar_id": null, "user_id": null, "dblp_id": "Marshall Strother"}}, {"pk": 31, "model": "citation_manager.author", "fields": {"published_name": "Parker Dunton", "google_scholar_id": null, "user_id": null, "dblp_id": "Parker Dunton"}}, {"pk": 32, "model": "citation_manager.author", "fields": {"published_name": "David V. Lu", "google_scholar_id": null, "user_id": null, "dblp_id": "David V. Lu"}}, {"pk": 33, "model": "citation_manager.author", "fields": {"published_name": "Bogumil Giertler", "google_scholar_id": null, "user_id": null, "dblp_id": "Bogumil Giertler"}}, {"pk": 34, "model": "citation_manager.author", "fields": {"published_name": "Martha Witick", "google_scholar_id": null, "user_id": null, "dblp_id": "Martha Witick"}}, {"pk": 35, "model": "citation_manager.author", "fields": {"published_name": "Leah Perlmutter", "google_scholar_id": null, "user_id": null, "dblp_id": "Leah Perlmutter"}}, {"pk": 36, "model": "citation_manager.author", "fields": {"published_name": "Bruce A. Maxwell", "google_scholar_id": null, "user_id": null, "dblp_id": "Bruce A. Maxwell"}}, {"pk": 37, "model": "citation_manager.author", "fields": {"published_name": "Michael Dixon", "google_scholar_id": null, "user_id": null, "dblp_id": "Michael Dixon"}}, {"pk": 38, "model": "citation_manager.author", "fields": {"published_name": "Philip Freeman", "google_scholar_id": null, "user_id": null, "dblp_id": "Philip Freeman"}}, {"pk": 39, "model": "citation_manager.author", "fields": {"published_name": "Robert Pless", "google_scholar_id": null, "user_id": null, "dblp_id": "Robert Pless"}}, {"pk": 40, "model": "citation_manager.author", "fields": {"published_name": "Michael P. Gleason", "google_scholar_id": null, "user_id": null, "dblp_id": "Michael P. Gleason"}}, {"pk": 41, "model": "citation_manager.author", "fields": {"published_name": "Matthew M. Thomas", "google_scholar_id": null, "user_id": null, "dblp_id": "Matthew M. Thomas"}}, {"pk": 42, "model": "citation_manager.author", "fields": {"published_name": "Annamaria Pileggi", "google_scholar_id": null, "user_id": null, "dblp_id": "Annamaria Pileggi"}}, {"pk": 43, "model": "citation_manager.author", "fields": {"published_name": "Chris Wilson", "google_scholar_id": null, "user_id": null, "dblp_id": "Chris Wilson"}}, {"pk": 44, "model": "citation_manager.author", "fields": {"published_name": "Braden Sidoti", "google_scholar_id": null, "user_id": null, "dblp_id": "Braden Sidoti"}}, {"pk": 45, "model": "citation_manager.author", "fields": {"published_name": "David Pilla", "google_scholar_id": null, "user_id": null, "dblp_id": "David Pilla"}}, {"pk": 46, "model": "citation_manager.author", "fields": {"published_name": "Justin Meden", "google_scholar_id": null, "user_id": null, "dblp_id": "Justin Meden"}}, {"pk": 47, "model": "citation_manager.author", "fields": {"published_name": "Octav Chipara", "google_scholar_id": null, "user_id": null, "dblp_id": "Octav Chipara"}}, {"pk": 48, "model": "citation_manager.author", "fields": {"published_name": "Gregory Hackmann", "google_scholar_id": null, "user_id": null, "dblp_id": "Gregory Hackmann"}}, {"pk": 49, "model": "citation_manager.author", "fields": {"published_name": "Chenyang Lu", "google_scholar_id": null, "user_id": null, "dblp_id": "Chenyang Lu"}}, {"pk": 50, "model": "citation_manager.author", "fields": {"published_name": "Gruia-Catalin Roman", "google_scholar_id": null, "user_id": null, "dblp_id": "Gruia-Catalin Roman"}}, {"pk": 51, "model": "citation_manager.author", "fields": {"published_name": "Mengjie Zhang", "google_scholar_id": null, "user_id": null, "dblp_id": "Mengjie Zhang"}}, {"pk": 52, "model": "citation_manager.author", "fields": {"published_name": "Paul E. Rybski", "google_scholar_id": null, "user_id": null, "dblp_id": "Paul E. Rybski"}}, {"pk": 53, "model": "citation_manager.author", "fields": {"published_name": "Peter Andreae", "google_scholar_id": null, "user_id": null, "dblp_id": "Peter Andreae"}}, {"pk": 54, "model": "citation_manager.author", "fields": {"published_name": "Frederick Heckel", "google_scholar_id": null, "user_id": null, "dblp_id": "Frederick Heckel"}}, {"pk": 55, "model": "citation_manager.author", "fields": {"published_name": "Yuval Tassa", "google_scholar_id": null, "user_id": null, "dblp_id": "Yuval Tassa"}}, {"pk": 56, "model": "citation_manager.author", "fields": {"published_name": "Douglas A. Few", "google_scholar_id": null, "user_id": null, "dblp_id": "Douglas A. Few"}}, {"pk": 57, "model": "citation_manager.author", "fields": {"published_name": "Christine M. Roman", "google_scholar_id": null, "user_id": null, "dblp_id": "Christine M. Roman"}}, {"pk": 58, "model": "citation_manager.author", "fields": {"published_name": "David J. Bruemmer", "google_scholar_id": null, "user_id": null, "dblp_id": "David J. Bruemmer"}}, {"pk": 59, "model": "citation_manager.author", "fields": {"published_name": "Josh Faust", "google_scholar_id": null, "user_id": null, "dblp_id": "Josh Faust"}}, {"pk": 60, "model": "citation_manager.author", "fields": {"published_name": "Cheryl Simon", "google_scholar_id": null, "user_id": null, "dblp_id": "Cheryl Simon"}}, {"pk": 61, "model": "citation_manager.author", "fields": {"published_name": "Sheila Tejada", "google_scholar_id": null, "user_id": null, "dblp_id": "Sheila Tejada"}}, {"pk": 62, "model": "citation_manager.author", "fields": {"published_name": "Ashley W. Stroupe", "google_scholar_id": null, "user_id": null, "dblp_id": "Ashley W. Stroupe"}}, {"pk": 63, "model": "citation_manager.author", "fields": {"published_name": "Jennifer Casper", "google_scholar_id": null, "user_id": null, "dblp_id": "Jennifer Casper"}}, {"pk": 64, "model": "citation_manager.author", "fields": {"published_name": "Adam Jacoff", "google_scholar_id": null, "user_id": null, "dblp_id": "Adam Jacoff"}}, {"pk": 65, "model": "citation_manager.author", "fields": {"published_name": "Holly A. Yanco", "google_scholar_id": null, "user_id": null, "dblp_id": "Holly A. Yanco"}}, {"pk": 66, "model": "citation_manager.author", "fields": {"published_name": "Magdalena D. Bugajska", "google_scholar_id": null, "user_id": null, "dblp_id": "Magdalena D. Bugajska"}}, {"pk": 67, "model": "citation_manager.author", "fields": {"published_name": "Yun Zhang", "google_scholar_id": null, "user_id": null, "dblp_id": "Yun Zhang"}}, {"pk": 68, "model": "citation_manager.author", "fields": {"published_name": "Zachary Byers", "google_scholar_id": null, "user_id": null, "dblp_id": "Zachary Byers"}}, {"pk": 69, "model": "citation_manager.author", "fields": {"published_name": "Brian A. Weiss", "google_scholar_id": null, "user_id": null, "dblp_id": "Brian A. Weiss"}}, {"pk": 70, "model": "citation_manager.author", "fields": {"published_name": "Jean Scholtz", "google_scholar_id": null, "user_id": null, "dblp_id": "Jean Scholtz"}}, {"pk": 71, "model": "citation_manager.author", "fields": {"published_name": "Mark Micire", "google_scholar_id": null, "user_id": null, "dblp_id": "Mark Micire"}}, {"pk": 72, "model": "citation_manager.author", "fields": {"published_name": "Daniel P. Stormont", "google_scholar_id": null, "user_id": null, "dblp_id": "Daniel P. Stormont"}}, {"pk": 73, "model": "citation_manager.author", "fields": {"published_name": "Tom Lauwers", "google_scholar_id": null, "user_id": null, "dblp_id": "Tom Lauwers"}}, {"pk": 74, "model": "citation_manager.author", "fields": {"published_name": "Nik A. Melchior", "google_scholar_id": null, "user_id": null, "dblp_id": "Nik A. Melchior"}}, {"pk": 75, "model": "citation_manager.author", "fields": {"published_name": "Csaba Szepesv\u00e1ri", "google_scholar_id": null, "user_id": null, "dblp_id": "Csaba Szepesv\u00e1ri"}}, {"pk": 76, "model": "citation_manager.author", "fields": {"published_name": "Jim Garner", "google_scholar_id": null, "user_id": null, "dblp_id": "Jim Garner"}}, {"pk": 77, "model": "citation_manager.author", "fields": {"published_name": "Keith Bennett", "google_scholar_id": null, "user_id": null, "dblp_id": "Keith Bennett"}}, {"pk": 78, "model": "citation_manager.author", "fields": {"published_name": "Bill Smart", "google_scholar_id": "", "user_id": 2, "dblp_id": "Bill Smart"}}, {"pk": 79, "model": "citation_manager.author", "fields": {"published_name": "Joseph Tucek", "google_scholar_id": null, "user_id": null, "dblp_id": "Joseph Tucek"}}, {"pk": 80, "model": "citation_manager.author", "fields": {"published_name": "Ashwin Srinivas", "google_scholar_id": null, "user_id": null, "dblp_id": "Ashwin Srinivas"}}, {"pk": 81, "model": "citation_manager.author", "fields": {"published_name": "Kevin Goodier", "google_scholar_id": null, "user_id": null, "dblp_id": "Kevin Goodier"}}, {"pk": 82, "model": "citation_manager.author", "fields": {"published_name": "Cindy M. Grimm", "google_scholar_id": null, "user_id": null, "dblp_id": "Cindy M. Grimm"}}, {"pk": 83, "model": "citation_manager.author", "fields": {"published_name": "Tucker R. Balch", "google_scholar_id": null, "user_id": null, "dblp_id": "Tucker R. Balch"}}, {"pk": 84, "model": "citation_manager.author", "fields": {"published_name": "Andrew J. Martignoni III", "google_scholar_id": null, "user_id": null, "dblp_id": "Andrew J. Martignoni III"}}, {"pk": 85, "model": "citation_manager.author", "fields": {"published_name": "Andrew J. Marek", "google_scholar_id": null, "user_id": null, "dblp_id": "Andrew J. Marek"}}, {"pk": 86, "model": "citation_manager.author", "fields": {"published_name": "Martin C. Martin", "google_scholar_id": null, "user_id": null, "dblp_id": "Martin C. Martin"}}, {"pk": 87, "model": "citation_manager.author", "fields": {"published_name": "Leslie Pack Kaelbling", "google_scholar_id": null, "user_id": null, "dblp_id": "Leslie Pack Kaelbling"}}, {"pk": 88, "model": "citation_manager.author", "fields": {"published_name": "Joe Dyer", "google_scholar_id": null, "user_id": null, "dblp_id": "Joe Dyer"}}, {"pk": 89, "model": "citation_manager.author", "fields": {"published_name": "Arijit Laha", "google_scholar_id": null, "user_id": null, "dblp_id": "Arijit Laha"}}, {"pk": 90, "model": "citation_manager.author", "fields": {"published_name": "Ernest J. Moran", "google_scholar_id": null, "user_id": null, "dblp_id": "Ernest J. Moran"}}, {"pk": 1, "model": "citation_manager.publication", "fields": {"conference": "SIGCSE", "doi": "http://doi.acm.org/10.1145/2445196.2445497", "dblp_id": 1260225, "title": "ROS at every level: using the robot operating system in CS 0, 1, 2, and beyond (abstract only).", "journal": null, "venue": "SIGCSE 2013:757", "number": null, "venue_url": "db/conf/sigcse/sigcse2013.html#MasonDS13", "volume": null, "key": "MasonDS13", "year": 2013, "abstract": "", "groups": [], "type": "inproceedings", "pages": "757"}}, {"pk": 2, "model": "citation_manager.publication", "fields": {"conference": null, "doi": "http://arxiv.org/abs/1203.3477", "dblp_id": 1291424, "title": "A Scalable Method for Solving High-Dimensional Continuous POMDPs Using Local Approximation", "journal": "CoRR", "venue": "CoRR abs/1203.3477 (2012)", "number": null, "venue_url": "db/journals/corr/corr1203.html#abs-1203-3477", "volume": "abs/1203.3477", "key": "abs-1203-3477", "year": 2012, "abstract": "", "groups": [], "type": "article", "pages": null}}, {"pk": 3, "model": "citation_manager.publication", "fields": {"conference": null, "doi": "http://arxiv.org/abs/1203.3481", "dblp_id": 1299766, "title": "Real-Time Scheduling via Reinforcement Learning", "journal": "CoRR", "venue": "CoRR abs/1203.3481 (2012)", "number": null, "venue_url": "db/journals/corr/corr1203.html#abs-1203-3481", "volume": "abs/1203.3481", "key": "abs-1203-3481", "year": 2012, "abstract": "", "groups": [], "type": "article", "pages": null}}, {"pk": 4, "model": "citation_manager.publication", "fields": {"conference": "IROS", "doi": "http://dx.doi.org/10.1109/IROS.2012.6386286", "dblp_id": 1378855, "title": "Robots for humanity: User-centered design for assistive mobile manipulation.", "journal": "", "venue": "IROS 2012:5434-5435", "number": null, "venue_url": "db/conf/iros/iros2012.html#ChenCCGHHKKLLNPPST12", "volume": "", "key": "ChenCCGHHKKLLNPPST12", "year": 2012, "abstract": "The Robots for Humanity project aims to enable people with severe motor impairments to interact with their own bodies and their environment through the use of an assistive mobile manipulator, thereby improving their quality of life. Assistive mobile manipulators (AMMs) are mobile robots that physically manipulate the world in order to provide assistance to people with disabilities. They present an exciting frontier for assistive technology, as they can operate away from the user, have a large dexterous workspace (due to their mobility), and not directly encumber their users. The cornerstone of this project is an ongoing, interactive design process with a quadriplegic user, Henry Evans, and his wife and primary caregiver, Jane Evans. Henry has been enabled, through the use of a PR2 robot, to scratch his own face, shave, fetch a towel from his kitchen, and hand out Halloween candy to trick-ortreating children at a local mall.", "groups": [1, 3], "type": "inproceedings", "pages": "5434-5435"}}, {"pk": 5, "model": "citation_manager.publication", "fields": {"conference": "RO-MAN", "doi": "http://dx.doi.org/10.1109/ROMAN.2012.6343878", "dblp_id": 1425193, "title": "Context-sensitive in-the-world interfaces for mobile manipulation robots.", "journal": "", "venue": "RO-MAN 2012:989-994", "number": null, "venue_url": "db/conf/ro-man/ro-man2012.html#LazewatskyS12", "volume": "", "key": "LazewatskyS12", "year": 2012, "abstract": "We present an interface that allows users to direct a mobile manipulation robot in tabletop pick-and-place tasks using only their head motions and a single button. The system uses an estimate of the user's head pose and a 3d world model maintained by the robot to determine where the user is pointing their head. We give the results of some preliminary evaluations of our system, which suggest that it is both intuitive and effective. We also describe an example trash-sorting application where the user directs a PR2 robot sort objects in to \u201ctrash\u201d and \u201crecycle\u201d piles.", "groups": [1, 3], "type": "inproceedings", "pages": "989-994"}}, {"pk": 6, "model": "citation_manager.publication", "fields": {"conference": "AAAI", "doi": "http://www.aaai.org/ocs/index.php/AAAI/AAAI11/paper/view/3660", "dblp_id": 1451716, "title": "A POMDP Model of Eye-Hand Coordination.", "journal": null, "venue": "AAAI 2011", "number": null, "venue_url": "db/conf/aaai/aaai2011.html#ErezTSG11", "volume": null, "key": "ErezTSG11", "year": 2011, "abstract": "", "groups": [], "type": "inproceedings", "pages": null}}, {"pk": 7, "model": "citation_manager.publication", "fields": {"conference": null, "doi": "http://dx.doi.org/10.1016/j.cag.2011.03.036", "dblp_id": 1495333, "title": "Shape classification and normal estimation for non-uniformly sampled, noisy point data.", "journal": "Computers & Graphics (CG)", "venue": "Computers & Graphics (CG) 35(4):904-915 (2011)", "number": 4, "venue_url": "db/journals/cg/cg35.html#GrimmS11", "volume": "35", "key": "GrimmS11", "year": 2011, "abstract": "", "groups": [], "type": "article", "pages": "904-915"}}, {"pk": 8, "model": "citation_manager.publication", "fields": {"conference": "ECRTS", "doi": "http://doi.ieeecomputersociety.org/10.1109/ECRTS.2011.30", "dblp_id": 1504385, "title": "Scalable Utility Aware Scheduling Heuristics for Real-time Tasks with Stochastic Non-preemptive Execution Intervals.", "journal": null, "venue": "ECRTS 2011:238-247", "number": null, "venue_url": "db/conf/ecrts/ecrts2011.html#TidwellBLWGS11", "volume": null, "key": "TidwellBLWGS11", "year": 2011, "abstract": "", "groups": [], "type": "inproceedings", "pages": "238-247"}}, {"pk": 9, "model": "citation_manager.publication", "fields": {"conference": "HRI", "doi": "http://doi.acm.org/10.1145/1957656.1957690", "dblp_id": 1527343, "title": "Using depth information to improve face detection.", "journal": null, "venue": "HRI 2011:119-120", "number": null, "venue_url": "db/conf/hri/hri2011.html#BurginPS11", "volume": null, "key": "BurginPS11", "year": 2011, "abstract": "", "groups": [], "type": "inproceedings", "pages": "119-120"}}, {"pk": 10, "model": "citation_manager.publication", "fields": {"conference": "HRI", "doi": "http://doi.acm.org/10.1145/1957656.1957711", "dblp_id": 1527364, "title": "RIDE: mixed-mode control for mobile robot teams.", "journal": null, "venue": "HRI 2011:161-162", "number": null, "venue_url": "db/conf/hri/hri2011.html#KarulfSDS11", "volume": null, "key": "KarulfSDS11", "year": 2011, "abstract": "", "groups": [], "type": "inproceedings", "pages": "161-162"}}, {"pk": 11, "model": "citation_manager.publication", "fields": {"conference": "HRI", "doi": "http://doi.acm.org/10.1145/1957656.1957719", "dblp_id": 1527372, "title": "A panorama interface for telepresence robots.", "journal": null, "venue": "HRI 2011:177-178", "number": null, "venue_url": "db/conf/hri/hri2011.html#LazewatskyS11", "volume": null, "key": "LazewatskyS11", "year": 2011, "abstract": "", "groups": [], "type": "inproceedings", "pages": "177-178"}}, {"pk": 12, "model": "citation_manager.publication", "fields": {"conference": "HRI", "doi": "http://doi.acm.org/10.1145/1957656.1957729", "dblp_id": 1527382, "title": "Polonius: a wizard of oz interface for HRI experiments.", "journal": "", "venue": "HRI 2011:197-198", "number": null, "venue_url": "db/conf/hri/hri2011.html#LuS11", "volume": "", "key": "LuS11", "year": 2011, "abstract": "", "groups": [5], "type": "inproceedings", "pages": "197-198"}}, {"pk": 13, "model": "citation_manager.publication", "fields": {"conference": "ICRA", "doi": "http://dx.doi.org/10.1109/ICRA.2011.5980230", "dblp_id": 1545654, "title": "An inexpensive robot platform for teleoperation and experimentation.", "journal": null, "venue": "ICRA 2011:1211-1216", "number": null, "venue_url": "db/conf/icra/icra2011.html#LazewatskyS11", "volume": null, "key": "LazewatskyS11", "year": 2011, "abstract": "", "groups": [], "type": "inproceedings", "pages": "1211-1216"}}, {"pk": 14, "model": "citation_manager.publication", "fields": {"conference": "IROS", "doi": "http://dx.doi.org/10.1109/IROS.2011.6094996", "dblp_id": 1576053, "title": "Context-aware video compression for mobile robots.", "journal": null, "venue": "IROS 2011:4115-4120", "number": null, "venue_url": "db/conf/iros/iros2011.html#LazewatskyGWPMS11", "volume": null, "key": "LazewatskyGWPMS11", "year": 2011, "abstract": "", "groups": [], "type": "inproceedings", "pages": "4115-4120"}}, {"pk": 15, "model": "citation_manager.publication", "fields": {"conference": null, "doi": "http://dx.doi.org/10.1007/s00138-010-0258-z", "dblp_id": 1606972, "title": "Measuring optical distortion in aircraft transparencies: a fully automated system for quantitative evaluation.", "journal": "Mach. Vis. Appl. (MVA)", "venue": "Mach. Vis. Appl. (MVA) 22(5):791-804 (2011)", "number": 5, "venue_url": "db/journals/mva/mva22.html#DixonGFPGTS11", "volume": "22", "key": "DixonGFPGTS11", "year": 2011, "abstract": "", "groups": [], "type": "article", "pages": "791-804"}}, {"pk": 16, "model": "citation_manager.publication", "fields": {"conference": "RO-MAN", "doi": "http://dx.doi.org/10.1109/ROMAN.2011.6005241", "dblp_id": 1624262, "title": "Human-robot interactions as theatre.", "journal": "", "venue": "RO-MAN 2011:473-478", "number": null, "venue_url": "db/conf/ro-man/ro-man2011.html#LuS11", "volume": "", "key": "LuS11", "year": 2011, "abstract": "", "groups": [5], "type": "inproceedings", "pages": "473-478"}}, {"pk": 17, "model": "citation_manager.publication", "fields": {"conference": "AAAI Spring Symposium: It's All in the Timing", "doi": "http://www.aaai.org/ocs/index.php/SSS/SSS10/paper/view/1194", "dblp_id": 1652238, "title": "What Can Actors Teach Robots About Interaction?", "journal": "", "venue": "AAAI Spring Symposium: It's All in the Timing 2010", "number": null, "venue_url": "db/conf/aaaiss/aaaiss2010-6.html#LuPWS10", "volume": "", "key": "LuPWS10", "year": 2010, "abstract": "", "groups": [5], "type": "inproceedings", "pages": ""}}, {"pk": 18, "model": "citation_manager.publication", "fields": {"conference": "Encyclopedia of Machine Learning", "doi": "http://dx.doi.org/10.1007/978-0-387-30164-8_410", "dblp_id": 1706437, "title": "Instance-Based Reinforcement Learning.", "journal": null, "venue": "Encyclopedia of Machine Learning 2010:550-553", "number": null, "venue_url": "db/reference/ml/ml2010.html#Smart10", "volume": null, "key": "Smart10", "year": 2010, "abstract": "", "groups": [], "type": "incollection", "pages": "550-553"}}, {"pk": 19, "model": "citation_manager.publication", "fields": {"conference": "HRI", "doi": "http://doi.acm.org/10.1145/1734454.1734459", "dblp_id": 1720721, "title": "HRI 2010 workshop 1: what do collaborations with the arts have to say about HRI?", "journal": null, "venue": "HRI 2010:3", "number": null, "venue_url": "db/conf/hri/hri2010.html#SmartPT10", "volume": null, "key": "SmartPT10", "year": 2010, "abstract": "", "groups": [], "type": "inproceedings", "pages": "3"}}, {"pk": 20, "model": "citation_manager.publication", "fields": {"conference": "IEEE Real-Time and Embedded Technology and Applications Symposium", "doi": "http://doi.ieeecomputersociety.org/10.1109/RTAS.2010.23", "dblp_id": 1747167, "title": "Scalable Scheduling Policy Design for Open Soft Real-Time Systems.", "journal": null, "venue": "IEEE Real-Time and Embedded Technology and Applications Symposium 2010:237-246", "number": null, "venue_url": "db/conf/rtas/rtas2010.html#GlaubiusTSPMGS10", "volume": null, "key": "GlaubiusTSPMGS10", "year": 2010, "abstract": "", "groups": [], "type": "inproceedings", "pages": "237-246"}}, {"pk": 21, "model": "citation_manager.publication", "fields": {"conference": "IPSN", "doi": "http://doi.acm.org/10.1145/1791212.1791252", "dblp_id": 1767772, "title": "Practical modeling and prediction of radio coverage of indoor sensor networks.", "journal": null, "venue": "IPSN 2010:339-349", "number": null, "venue_url": "db/conf/ipsn/ipsn2010.html#ChiparaHLSR10", "volume": null, "key": "ChiparaHLSR10", "year": 2010, "abstract": "", "groups": [], "type": "inproceedings", "pages": "339-349"}}, {"pk": 22, "model": "citation_manager.publication", "fields": {"conference": "RTSS", "doi": "http://dx.doi.org/10.1109/RTSS.2010.28", "dblp_id": 1817677, "title": "Optimizing Expected Time Utility in Cyber-Physical Systems Schedulers.", "journal": null, "venue": "RTSS 2010:193-201", "number": null, "venue_url": "db/conf/rtss/rtss2010.html#TidwellGGS10", "volume": null, "key": "TidwellGGS10", "year": 2010, "abstract": "", "groups": [], "type": "inproceedings", "pages": "193-201"}}, {"pk": 23, "model": "citation_manager.publication", "fields": {"conference": "UAI", "doi": "http://uai.sis.pitt.edu/displayArticleDetails.jsp?mmnu=1&smnu=2&article_id=2100&proceeding_id=26", "dblp_id": 1834223, "title": "A Scalable Method for Solving High-Dimensional Continuous POMDPs Using Local Approximation.", "journal": null, "venue": "UAI 2010:160-167", "number": null, "venue_url": "db/conf/uai/uai2010.html#ErezS10", "volume": null, "key": "ErezS10", "year": 2010, "abstract": "", "groups": [], "type": "inproceedings", "pages": "160-167"}}, {"pk": 24, "model": "citation_manager.publication", "fields": {"conference": "UAI", "doi": "http://uai.sis.pitt.edu/displayArticleDetails.jsp?mmnu=1&smnu=2&article_id=2093&proceeding_id=26", "dblp_id": 1834228, "title": "Real-Time Scheduling via Reinforcement Learning.", "journal": null, "venue": "UAI 2010:201-209", "number": null, "venue_url": "db/conf/uai/uai2010.html#GlaubiusTGS10", "volume": null, "key": "GlaubiusTGS10", "year": 2010, "abstract": "", "groups": [], "type": "inproceedings", "pages": "201-209"}}, {"pk": 25, "model": "citation_manager.publication", "fields": {"conference": null, "doi": "http://dx.doi.org/10.1504/IJAACS.2009.026786", "dblp_id": 1953740, "title": "Scheduling policy design for autonomic systems.", "journal": "IJAACS", "venue": "IJAACS 2(3):276-296 (2009)", "number": 3, "venue_url": "db/journals/ijaacs/ijaacs2.html#GlaubiusTGS09", "volume": "2", "key": "GlaubiusTGS09", "year": 2009, "abstract": "", "groups": [], "type": "article", "pages": "276-296"}}, {"pk": 26, "model": "citation_manager.publication", "fields": {"conference": "ATC", "doi": "http://dx.doi.org/10.1007/978-3-540-69295-9_14", "dblp_id": 2040195, "title": "Scheduling for Reliable Execution in Autonomic Systems.", "journal": null, "venue": "ATC 2008:149-161", "number": null, "venue_url": "db/conf/atc/atc2008.html#TidwellGGS08", "volume": null, "key": "TidwellGGS08", "year": 2008, "abstract": "", "groups": [], "type": "inproceedings", "pages": "149-161"}}, {"pk": 27, "model": "citation_manager.publication", "fields": {"conference": "IEEE Congress on Evolutionary Computation", "doi": "http://dx.doi.org/10.1109/CEC.2008.4631200", "dblp_id": 2115901, "title": "Empirical analysis of schemata in Genetic Programming using maximal schemata and MSG.", "journal": null, "venue": "IEEE Congress on Evolutionary Computation 2008:2983-2990", "number": null, "venue_url": "db/conf/cec/cec2008.html#SmartZ08", "volume": null, "key": "SmartZ08", "year": 2008, "abstract": "", "groups": [], "type": "inproceedings", "pages": "2983-2990"}}, {"pk": 28, "model": "citation_manager.publication", "fields": {"conference": "RTSS", "doi": "http://doi.ieeecomputersociety.org/10.1109/RTSS.2008.48", "dblp_id": 2177473, "title": "Scheduling Design and Verification for Open Soft Real-Time Systems.", "journal": null, "venue": "RTSS 2008:505-514", "number": null, "venue_url": "db/conf/rtss/rtss2008.html#GlaubiusTSG08", "volume": null, "key": "GlaubiusTSG08", "year": 2008, "abstract": "", "groups": [], "type": "inproceedings", "pages": "505-514"}}, {"pk": 29, "model": "citation_manager.publication", "fields": {"conference": null, "doi": "http://dx.doi.org/10.1007/s10514-007-9025-z", "dblp_id": 2215870, "title": "Introduction to the special issue on the science behind embodied AI : The robots of the AAAI competition and exhibition.", "journal": "Auton. Robots (AROBOTS)", "venue": "Auton. Robots (AROBOTS) 22(4):321-323 (2007)", "number": 4, "venue_url": "db/journals/arobots/arobots22.html#RybskiS07", "volume": "22", "key": "RybskiS07", "year": 2007, "abstract": "", "groups": [], "type": "article", "pages": "321-323"}}, {"pk": 30, "model": "citation_manager.publication", "fields": {"conference": "EuroGP", "doi": "http://dx.doi.org/10.1007/978-3-540-71605-1_6", "dblp_id": 2247773, "title": "Empirical Analysis of GP Tree-Fragments.", "journal": null, "venue": "EuroGP 2007:55-67", "number": null, "venue_url": "db/conf/eurogp/eurogp2007.html#SmartAZ07", "volume": null, "key": "SmartAZ07", "year": 2007, "abstract": "", "groups": [], "type": "inproceedings", "pages": "55-67"}}, {"pk": 31, "model": "citation_manager.publication", "fields": {"conference": "IROS", "doi": "http://dx.doi.org/10.1109/IROS.2007.4399586", "dblp_id": 2296788, "title": "Faster and more accurate face detection on mobile robots using geometric constraints.", "journal": null, "venue": "IROS 2007:1041-1046", "number": null, "venue_url": "db/conf/iros/iros2007.html#DixonHPS07", "volume": null, "key": "DixonHPS07", "year": 2007, "abstract": "", "groups": [], "type": "inproceedings", "pages": "1041-1046"}}, {"pk": 32, "model": "citation_manager.publication", "fields": {"conference": "IROS", "doi": "http://dx.doi.org/10.1109/IROS.2007.4399588", "dblp_id": 2296867, "title": "Bipedal walking on rough terrain using manifold control.", "journal": null, "venue": "IROS 2007:1539-1544", "number": null, "venue_url": "db/conf/iros/iros2007.html#ErezS07", "volume": null, "key": "ErezS07", "year": 2007, "abstract": "", "groups": [], "type": "inproceedings", "pages": "1539-1544"}}, {"pk": 33, "model": "citation_manager.publication", "fields": {"conference": "NIPS", "doi": "http://books.nips.cc/papers/files/nips20/NIPS2007_1101.pdf", "dblp_id": 2325554, "title": "Receding Horizon Differential Dynamic Programming.", "journal": null, "venue": "NIPS 2007", "number": null, "venue_url": "db/conf/nips/nips2007.html#TassaES07", "volume": null, "key": "TassaES07", "year": 2007, "abstract": "", "groups": [], "type": "inproceedings", "pages": null}}, {"pk": 34, "model": "citation_manager.publication", "fields": {"conference": "RO-MAN", "doi": "http://dx.doi.org/10.1109/ROMAN.2007.4415184", "dblp_id": 2334067, "title": "\"What Does it Do?\": HRI Studies with the General Public.", "journal": null, "venue": "RO-MAN 2007:744-749", "number": null, "venue_url": "db/conf/ro-man/ro-man2007.html#FewRBS07", "volume": null, "key": "FewRBS07", "year": 2007, "abstract": "", "groups": [], "type": "inproceedings", "pages": "744-749"}}, {"pk": 35, "model": "citation_manager.publication", "fields": {"conference": "IROS", "doi": "http://dx.doi.org/10.1109/IROS.2006.281757", "dblp_id": 2442700, "title": "A Video Game-Based Mobile Robot Simulation Environment.", "journal": null, "venue": "IROS 2006:3749-3754", "number": null, "venue_url": "db/conf/iros/iros2006.html#FaustSS06", "volume": null, "key": "FaustSS06", "year": 2006, "abstract": "", "groups": [], "type": "inproceedings", "pages": "3749-3754"}}, {"pk": 36, "model": "citation_manager.publication", "fields": {"conference": null, "doi": "http://dx.doi.org/10.1016/j.patrec.2005.07.024", "dblp_id": 2477452, "title": "Using Gaussian distribution to construct fitness functions in genetic programming for multiclass object classification.", "journal": "Pattern Recognition Letters (PRL)", "venue": "Pattern Recognition Letters (PRL) 27(11):1266-1274 (2006)", "number": 11, "venue_url": "db/journals/prl/prl27.html#ZhangS06a", "volume": "27", "key": "ZhangS06a", "year": 2006, "abstract": "", "groups": [], "type": "article", "pages": "1266-1274"}}, {"pk": 37, "model": "citation_manager.publication", "fields": {"conference": null, "doi": "http://www.aaai.org/ojs/index.php/aimagazine/article/view/1811", "dblp_id": 2503111, "title": "The 2004 Mobile Robot Competition and Exhibition.", "journal": "AI Magazine (AIM)", "venue": "AI Magazine (AIM) 26(2):25-35 (2005)", "number": 2, "venue_url": "db/journals/aim/aim26.html#SmartTMSCJYB05", "volume": "26", "key": "SmartTMSCJYB05", "year": 2005, "abstract": "", "groups": [], "type": "article", "pages": "25-35"}}, {"pk": 38, "model": "citation_manager.publication", "fields": {"conference": "EuroGP", "doi": "http://dx.doi.org/10.1007/978-3-540-31989-4_20", "dblp_id": 2538902, "title": "Using Genetic Programming for Multiclass Classification by Simultaneously Solving Component Binary Classification Problems.", "journal": null, "venue": "EuroGP 2005:227-239", "number": null, "venue_url": "db/conf/eurogp/eurogp2005.html#SmartZ05", "volume": null, "key": "SmartZ05", "year": 2005, "abstract": "", "groups": [], "type": "inproceedings", "pages": "227-239"}}, {"pk": 39, "model": "citation_manager.publication", "fields": {"conference": "EvoWorkshops", "doi": "http://dx.doi.org/10.1007/978-3-540-32003-6_42", "dblp_id": 2539744, "title": "Learning Weights in Genetic Programs Using Gradient Descent for Object Recognition.", "journal": null, "venue": "EvoWorkshops 2005:417-427", "number": null, "venue_url": "db/conf/evoW/evoW2005.html#ZhangS05", "volume": null, "key": "ZhangS05", "year": 2005, "abstract": "", "groups": [], "type": "inproceedings", "pages": "417-427"}}, {"pk": 40, "model": "citation_manager.publication", "fields": {"conference": "KES", "doi": "http://dx.doi.org/10.1007/11553939_139", "dblp_id": 2596271, "title": "Program Simplification in Genetic Programming for Object Classification.", "journal": null, "venue": "KES 2005:988-996", "number": null, "venue_url": "db/conf/kes/kes2005-3.html#ZhangZS05", "volume": null, "key": "ZhangZS05", "year": 2005, "abstract": "", "groups": [], "type": "inproceedings", "pages": "988-996"}}, {"pk": 41, "model": "citation_manager.publication", "fields": {"conference": "ACSW Frontiers", "doi": "http://crpit.com/confpapers/CRPITV32Smart.pdf", "dblp_id": 2631674, "title": "Applying Online Gradient Descent Search to Genetic Programming for Object Recognition.", "journal": null, "venue": "ACSW Frontiers 2004:133-138", "number": null, "venue_url": "db/conf/acsw/acsw2004.html#SmartZ04", "volume": null, "key": "SmartZ04", "year": 2004, "abstract": "", "groups": [], "type": "inproceedings", "pages": "133-138"}}, {"pk": 42, "model": "citation_manager.publication", "fields": {"conference": "", "doi": "http://www.aaai.org/ojs/index.php/aimagazine/article/view/1775", "dblp_id": 2632079, "title": "Say Cheese! Experiences with a Robot Photographer.", "journal": "AI Magazine (AIM)", "venue": "AI Magazine (AIM) 25(3):37-46 (2004)", "number": 3, "venue_url": "db/journals/aim/aim25.html#ByersDSG04", "volume": "25", "key": "ByersDSG04", "year": 2004, "abstract": "", "groups": [2], "type": "article", "pages": "37-46"}}, {"pk": 43, "model": "citation_manager.publication", "fields": {"conference": null, "doi": "http://www.aaai.org/ojs/index.php/aimagazine/article/view/1761", "dblp_id": 2632089, "title": "2003 AAAI Robot Competition and Exhibition.", "journal": "AI Magazine (AIM)", "venue": "AI Magazine (AIM) 25(2):68-80 (2004)", "number": 2, "venue_url": "db/journals/aim/aim25.html#MaxwellSJCWSYMSSL04", "volume": "25", "key": "MaxwellSJCWSYMSSL04", "year": 2004, "abstract": "", "groups": [], "type": "article", "pages": "68-80"}}, {"pk": 44, "model": "citation_manager.publication", "fields": {"conference": "AMAI", "doi": "http://rutcor.rutgers.edu/~amai/aimath04/AcceptedPapers/Smart-aimath04.pdf", "dblp_id": 2632768, "title": "Explicit Manifold Representations for Value-Function Approximation in Reinforcement Learning.", "journal": null, "venue": "AMAI 2004", "number": null, "venue_url": "db/conf/amai/amai2004.html#Smart04", "volume": null, "key": "Smart04", "year": 2004, "abstract": "", "groups": [], "type": "inproceedings", "pages": null}}, {"pk": 45, "model": "citation_manager.publication", "fields": {"conference": "EuroGP", "doi": "http://dx.doi.org/10.1007/978-3-540-24650-3_38", "dblp_id": 2658925, "title": "Genetic Programming with Gradient Descent Search for Multiclass Object Classification.", "journal": null, "venue": "EuroGP 2004:399-408", "number": null, "venue_url": "db/conf/eurogp/eurogp2004.html#ZhangS04", "volume": null, "key": "ZhangS04", "year": 2004, "abstract": "", "groups": [], "type": "inproceedings", "pages": "399-408"}}, {"pk": 46, "model": "citation_manager.publication", "fields": {"conference": "EvoWorkshops", "doi": "http://dx.doi.org/10.1007/978-3-540-24653-4_38", "dblp_id": 2659661, "title": "Multiclass Object Classification Using Genetic Programming.", "journal": null, "venue": "EvoWorkshops 2004:369-378", "number": null, "venue_url": "db/conf/evoW/evoW2004.html#ZhangS04", "volume": null, "key": "ZhangS04", "year": 2004, "abstract": "", "groups": [], "type": "inproceedings", "pages": "369-378"}}, {"pk": 47, "model": "citation_manager.publication", "fields": {"conference": "ICAC", "doi": "http://doi.ieeecomputersociety.org/10.1109/ICAC.2004.20", "dblp_id": 2668113, "title": "Autonomic Systems for Mobile Robots.", "journal": null, "venue": "ICAC 2004:280-281", "number": null, "venue_url": "db/conf/icac/icac2004.html#MelchiorS04", "volume": null, "key": "MelchiorS04", "year": 2004, "abstract": "", "groups": [], "type": "inproceedings", "pages": "280-281"}}, {"pk": 48, "model": "citation_manager.publication", "fields": {"conference": "ICML", "doi": "http://doi.acm.org/10.1145/1015330.1015445", "dblp_id": 2675670, "title": "Interpolation-based Q-learning.", "journal": null, "venue": "ICML 2004", "number": null, "venue_url": "db/conf/icml/icml2004.html#SzepesvariS04", "volume": null, "key": "SzepesvariS04", "year": 2004, "abstract": "", "groups": [], "type": "inproceedings", "pages": null}}, {"pk": 49, "model": "citation_manager.publication", "fields": {"conference": "ICRA", "doi": "http://dx.doi.org/10.1109/ROBOT.2004.1308089", "dblp_id": 2677641, "title": "The Remote Exploration Program: a Collaborative Outreach Approach to Robotics Education.", "journal": null, "venue": "ICRA 2004:1826-1830", "number": null, "venue_url": "db/conf/icra/icra2004-2.html#GarnerSBBFR04", "volume": null, "key": "GarnerSBBFR04", "year": 2004, "abstract": "", "groups": [], "type": "inproceedings", "pages": "1826-1830"}}, {"pk": 50, "model": "citation_manager.publication", "fields": {"conference": "ISAIM", "doi": "http://rutcor.rutgers.edu/~amai/aimath04/AcceptedPapers/Smart-aimath04.pdf", "dblp_id": 2691299, "title": "Explicit Manifold Representations for Value-Function Approximation in Reinforcement Learning.", "journal": null, "venue": "ISAIM 2004", "number": null, "venue_url": "db/conf/isaim/isaim2004.html#Smart04", "volume": null, "key": "Smart04", "year": 2004, "abstract": "", "groups": [], "type": "inproceedings", "pages": null}}, {"pk": 51, "model": "citation_manager.publication", "fields": {"conference": "PRICAI", "doi": "http://dx.doi.org/10.1007/978-3-540-28633-2_28", "dblp_id": 2719063, "title": "Probability Based Genetic Programming for Multiclass Object Classification.", "journal": null, "venue": "PRICAI 2004:251-261", "number": null, "venue_url": "db/conf/pricai/pricai2004.html#SmartZ04", "volume": null, "key": "SmartZ04", "year": 2004, "abstract": "", "groups": [], "type": "inproceedings", "pages": "251-261"}}, {"pk": 52, "model": "citation_manager.publication", "fields": {"conference": "AAAI Mobile Robot Competition", "doi": "", "dblp_id": 2737705, "title": "AAAI Mobile Robot Competition 2003, Papers from the AAAI Workshop", "journal": null, "venue": "AAAI Mobile Robot Competition 2003", "number": null, "venue_url": "db/conf/mrc/mrc2003.html", "volume": null, "key": "2003", "year": 2003, "abstract": "", "groups": [], "type": "proceedings", "pages": null}}, {"pk": 53, "model": "citation_manager.publication", "fields": {"conference": "AAAI Mobile Robot Competition", "doi": "", "dblp_id": 2737714, "title": "Lewis the Graduate Student: An Entry in the AAAI Robot Challenge.", "journal": null, "venue": "AAAI Mobile Robot Competition 2003:46-51", "number": null, "venue_url": "db/conf/mrc/mrc2003.html#SmartDMTS03", "volume": null, "key": "SmartDMTS03", "year": 2003, "abstract": "", "groups": [], "type": "inproceedings", "pages": "46-51"}}, {"pk": 54, "model": "citation_manager.publication", "fields": {"conference": "IAAI", "doi": "http://www.aaai.org/Library/IAAI/2003/iaai03-009.php", "dblp_id": 2768874, "title": "Say Cheese!: Experiences with a Robot Photographer.", "journal": "", "venue": "IAAI 2003:65-70", "number": null, "venue_url": "db/conf/iaai/iaai2003.html#ByersDSG03", "volume": "", "key": "ByersDSG03", "year": 2003, "abstract": "", "groups": [2], "type": "inproceedings", "pages": "65-70"}}, {"pk": 55, "model": "citation_manager.publication", "fields": {"conference": "IROS", "doi": "http://dx.doi.org/10.1109/IROS.2003.1249268", "dblp_id": 2787257, "title": "An autonomous robot photographer.", "journal": "", "venue": "IROS 2003:2636-2641", "number": null, "venue_url": "db/conf/iros/iros2003.html#ByersDGGS03", "volume": "", "key": "ByersDGGS03", "year": 2003, "abstract": "", "groups": [2], "type": "inproceedings", "pages": "2636-2641"}}, {"pk": 56, "model": "citation_manager.publication", "fields": {"conference": "AAAI Mobile Robot Competition", "doi": "", "dblp_id": 2826898, "title": "AAAI Mobile Robot Competition 2002, Papers from the AAAI Workshop, 28 July - 1 August 2002, Edmonton, Alberta, Canada", "journal": null, "venue": "AAAI Mobile Robot Competition 2002", "number": null, "venue_url": "db/conf/mrc/mrc2002.html", "volume": null, "key": "2002", "year": 2002, "abstract": "", "groups": [], "type": "proceedings", "pages": null}}, {"pk": 57, "model": "citation_manager.publication", "fields": {"conference": "AAAI/IAAI", "doi": "http://www.aaai.org/Library/AAAI/2002/aaai02-147.php", "dblp_id": 2827065, "title": "Localizing while Mapping: A Segment Approach.", "journal": null, "venue": "AAAI/IAAI 2002:959-960", "number": null, "venue_url": "db/conf/aaai/aaai2002.html#MartignoniS02", "volume": null, "key": "MartignoniS02", "year": 2002, "abstract": "", "groups": [], "type": "inproceedings", "pages": "959-960"}}, {"pk": 58, "model": "citation_manager.publication", "fields": {"conference": "GECCO Late Breaking Papers", "doi": "", "dblp_id": 2850028, "title": "Learning Visual Feature Detectors for Obstacle Avoidance Using Genetic Programming.", "journal": null, "venue": "GECCO Late Breaking Papers 2002:330-336", "number": null, "venue_url": "db/conf/gecco/gecco2002late.html#MarekSM02", "volume": null, "key": "MarekSM02", "year": 2002, "abstract": "", "groups": [], "type": "inproceedings", "pages": "330-336"}}, {"pk": 59, "model": "citation_manager.publication", "fields": {"conference": "ICRA", "doi": "http://dx.doi.org/10.1109/ROBOT.2002.1014237", "dblp_id": 2861319, "title": "Effective Reinforcement Learning for Mobile Robots.", "journal": null, "venue": "ICRA 2002:3404-3410", "number": null, "venue_url": "db/conf/icra/icra2002.html#SmartK02", "volume": null, "key": "SmartK02", "year": 2002, "abstract": "", "groups": [], "type": "inproceedings", "pages": "3404-3410"}}, {"pk": 60, "model": "citation_manager.publication", "fields": {"conference": "ICML", "doi": "", "dblp_id": 2990153, "title": "Practical Reinforcement Learning in Continuous Spaces.", "journal": null, "venue": "ICML 2000:903-910", "number": null, "venue_url": "db/conf/icml/icml2000.html#SmartK00", "volume": null, "key": "SmartK00", "year": 2000, "abstract": "", "groups": [], "type": "inproceedings", "pages": "903-910"}}, {"pk": 61, "model": "citation_manager.publication", "fields": {"conference": "AAAI/IAAI", "doi": "http://www.aaai.org/Library/AAAI/1998/aaai98-198.php", "dblp_id": 3077183, "title": "A Framework for Reinforcement Learning on Real Robots.", "journal": null, "venue": "AAAI/IAAI 1998:1202", "number": null, "venue_url": "db/conf/aaai/aaai98.html#SmartK98", "volume": null, "key": "SmartK98", "year": 1998, "abstract": "", "groups": [], "type": "inproceedings", "pages": "1202"}}, {"pk": 62, "model": "citation_manager.publication", "fields": {"conference": "DAC", "doi": "http://doi.acm.org/10.1145/800139.804568", "dblp_id": 3440272, "title": "The use of graphics processors for circuit design simulation at GTE AE Labs.", "journal": null, "venue": "DAC 1980:446-450", "number": null, "venue_url": "db/conf/dac/dac1980.html#DyerLMS80", "volume": null, "key": "DyerLMS80", "year": 1980, "abstract": "", "groups": [], "type": "inproceedings", "pages": "446-450"}}, {"pk": 1, "model": "citation_manager.groupinfo", "fields": {"type": "project", "group": 2, "description": ""}}, {"pk": 2, "model": "citation_manager.groupinfo", "fields": {"type": "project", "group": 1, "description": "Henry Evans is a mute quadriplegic, having suffered a stroke when he was just 40 years old. Following extensive therapy, Henry regained the ability to move his head and use a finger, which allows him to operate computers. Last year, Henry caught a TV interview of Georgia Tech Professor Charlie Kemp showing research with the Willow Garage PR2 robot. Willow Garage and Professor Kemp were contacted by Henry shortly afterwards, and we have been collaborating since then.\r\n\r\nWe are currently exploring ways for Henry to use a PR2 robot as his surrogate. Every day, people take for granted the simple act of scratching an itch. In Henry's case, 2-3 times every hour of every day he gets an itch he can't scratch. With the aid of a PR2, Henry was able to scratch an itch for himself for the first time in 10 years.\r\n\r\nWhile this is only a first step, it demonstrates how people with severe physical disabilities could use personal robots to gain independence. In another example, Henry recently used the PR2 to shave his cheek. We are actively researching ways for Henry and others to perform tasks like these on a daily basis.\r\n\r\nCurrently, Henry uses a head tracker to operate a variety of experimental user interfaces. These interfaces allow him to directly move the robot's body, including its arms and head. They also let him invoke autonomous actions, such as navigating in a room and reaching out to a location.\r\n\r\nRobots that complement human abilities are extremely valuable, especially when they help us do things that we can't do by ourselves.  Our goal is to get robots in homes to help people like Henry and Jane Evans.  This is just the beginning."}}, {"pk": 3, "model": "citation_manager.groupinfo", "fields": {"type": "lab", "group": 3, "description": ""}}, {"pk": 4, "model": "citation_manager.groupinfo", "fields": {"type": "lab", "group": 4, "description": ""}}, {"pk": 5, "model": "citation_manager.groupinfo", "fields": {"type": "project", "group": 5, "description": ""}}]